-- phpMyAdmin SQL Dump
-- version 4.6.6deb4
-- https://www.phpmyadmin.net/
--
-- Client :  localhost:3306
-- Généré le :  Mar 22 Janvier 2019 à 17:24
-- Version du serveur :  10.1.37-MariaDB-0+deb9u1
-- Version de PHP :  7.0.33-0+deb9u1

SET SQL_MODE = "NO_AUTO_VALUE_ON_ZERO";
SET time_zone = "+00:00";


/*!40101 SET @OLD_CHARACTER_SET_CLIENT=@@CHARACTER_SET_CLIENT */;
/*!40101 SET @OLD_CHARACTER_SET_RESULTS=@@CHARACTER_SET_RESULTS */;
/*!40101 SET @OLD_COLLATION_CONNECTION=@@COLLATION_CONNECTION */;
/*!40101 SET NAMES utf8mb4 */;

--
-- Base de données :  `Brewdy`
--

-- --------------------------------------------------------

--
-- Structure de la table `Attempts`
--

CREATE TABLE `Attempts` (
  `IdAttempt` int(11) NOT NULL,
  `StartTime` datetime NOT NULL,
  `StopTime` datetime NOT NULL,
  `IdUserRecipe` int(11) NOT NULL,
  `Alcool` int(11) DEFAULT NULL,
  `FinalVolume` float DEFAULT NULL,
  `Comment` text,
  `IdCuve` int(11) NOT NULL,
  `Note` int(11) DEFAULT NULL
) ENGINE=InnoDB DEFAULT CHARSET=utf8;

--
-- Contenu de la table `Attempts`
--

INSERT INTO `Attempts` (`IdAttempt`, `StartTime`, `StopTime`, `IdUserRecipe`, `Alcool`, `FinalVolume`, `Comment`, `IdCuve`, `Note`) VALUES
(1, '2019-01-18 13:00:00', '2019-02-18 13:00:00', 2, 0, 0, '', 2, 0),
(3, '2019-01-18 13:00:00', '2019-02-18 13:00:00', 3, 0, 0, 'Recette test pour la fermentation', 4, 0),
(4, '2019-01-22 08:00:00', '2019-02-21 14:00:00', 3, 0, 0, 'Recette pour test de la phase d\'ébullition', 5, 0);

-- --------------------------------------------------------

--
-- Structure de la table `Cuves`
--

CREATE TABLE `Cuves` (
  `IdCuve` int(11) NOT NULL,
  `NumSerieCuve` varchar(255) NOT NULL,
  `IdUser` int(11) NOT NULL,
  `NomCuve` varchar(255) NOT NULL
) ENGINE=InnoDB DEFAULT CHARSET=utf8;

--
-- Contenu de la table `Cuves`
--

INSERT INTO `Cuves` (`IdCuve`, `NumSerieCuve`, `IdUser`, `NomCuve`) VALUES
(2, 'CUVE13122018', 2, 'Cuve ébullition'),
(3, 'AUHAHUIFHF42', 2, 'Cuve fermentation'),
(4, '1001BREWDYAHKU', 14, 'Cuve fermentation'),
(5, '138AHEI12', 14, 'Cuve ébullition'),
(6, 'AM5U7Y', 2, 'Cuve 2 Jardin'),
(11, 'YOLOOOOMACUVE', 14, 'Cuve test');

-- --------------------------------------------------------

--
-- Structure de la table `Measurements`
--

CREATE TABLE `Measurements` (
  `IdMesure` int(11) NOT NULL,
  `TimeMesure` datetime NOT NULL,
  `ValueMesure` float NOT NULL,
  `IdSensor` int(11) NOT NULL
) ENGINE=InnoDB DEFAULT CHARSET=utf8;

--
-- Contenu de la table `Measurements`
--

INSERT INTO `Measurements` (`IdMesure`, `TimeMesure`, `ValueMesure`, `IdSensor`) VALUES
(909, '2019-01-21 19:22:45', 23.43, 1),
(910, '2019-01-21 19:22:45', 23.82, 7),
(911, '2019-01-21 19:22:58', 23.48, 1),
(912, '2019-01-21 19:22:58', 23.82, 7),
(913, '2019-01-21 19:23:39', 23.5, 1),
(914, '2019-01-21 19:23:39', 26.1, 7),
(915, '2019-01-21 19:24:20', 24.61, 1),
(916, '2019-01-21 19:24:20', 32.02, 7),
(917, '2019-01-21 19:25:01', 25.17, 1),
(918, '2019-01-21 19:25:01', 34.58, 7),
(919, '2019-01-21 19:37:29', 28.75, 1),
(920, '2019-01-21 19:37:29', 28.75, 7),
(921, '2019-01-21 19:37:43', 28.73, 1),
(922, '2019-01-21 19:37:43', 28.77, 7),
(924, '2019-01-21 19:38:37', 29.8, 1),
(925, '2019-01-21 19:38:37', 29.95, 7),
(926, '2019-01-21 19:39:18', 30.83, 1),
(927, '2019-01-21 19:39:18', 30.23, 7),
(928, '2019-01-21 19:39:59', 32.25, 1),
(929, '2019-01-21 19:39:59', 33.08, 7),
(930, '2019-01-21 19:40:40', 33.98, 1),
(931, '2019-01-21 19:40:40', 34.37, 7),
(932, '2019-01-21 19:41:21', 35.46, 1),
(933, '2019-01-21 19:41:21', 35.64, 7),
(934, '2019-01-21 19:42:01', 36.47, 1),
(935, '2019-01-21 19:42:01', 37.67, 7),
(936, '2019-01-21 19:42:42', 37.73, 1),
(937, '2019-01-21 19:42:42', 37.44, 7),
(938, '2019-01-21 19:43:23', 39.56, 1),
(939, '2019-01-21 19:43:23', 39.71, 7),
(940, '2019-01-21 19:44:04', 40.52, 1),
(941, '2019-01-21 19:44:04', 40.15, 7),
(942, '2019-01-21 19:44:45', 41.61, 1),
(943, '2019-01-21 19:44:45', 42.47, 7),
(944, '2019-01-21 19:45:26', 42.74, 1),
(945, '2019-01-21 19:45:26', 43.03, 7),
(946, '2019-01-21 19:46:06', 44.34, 1),
(947, '2019-01-21 19:46:06', 46.17, 7),
(948, '2019-01-21 19:46:47', 45.33, 1),
(949, '2019-01-21 19:46:47', 46.66, 7),
(950, '2019-01-21 19:47:28', 46.49, 1),
(951, '2019-01-21 19:47:28', 49.97, 7),
(952, '2019-01-21 19:48:09', 48.54, 1),
(953, '2019-01-21 19:48:09', 50.82, 7),
(954, '2019-01-21 19:48:50', 49.97, 1),
(955, '2019-01-21 19:48:50', 53.8, 7),
(956, '2019-01-21 19:49:30', 49.83, 1),
(957, '2019-01-21 19:49:31', 53.16, 7),
(958, '2019-01-21 19:50:11', 50.47, 1),
(959, '2019-01-21 19:50:11', 52.82, 7),
(960, '2019-01-21 19:51:06', 50.66, 1),
(961, '2019-01-21 19:51:06', 51.53, 7),
(962, '2019-01-21 19:51:47', 50.72, 1),
(963, '2019-01-21 19:51:47', 51.42, 7),
(964, '2019-01-21 19:52:28', 50.88, 1),
(965, '2019-01-21 19:52:28', 51.37, 7),
(966, '2019-01-21 19:53:09', 50.88, 1),
(967, '2019-01-21 19:53:09', 51.31, 7),
(968, '2019-01-21 19:53:49', 50.82, 1),
(969, '2019-01-21 19:53:49', 51.12, 7),
(970, '2019-01-21 19:54:30', 50.82, 1),
(971, '2019-01-21 19:54:30', 50.85, 7),
(972, '2019-01-21 19:55:11', 50.8, 1),
(973, '2019-01-21 19:55:11', 50.88, 7),
(974, '2019-01-21 19:55:52', 50.8, 1),
(975, '2019-01-21 19:55:52', 50.74, 7),
(976, '2019-01-21 19:56:33', 50.72, 1),
(977, '2019-01-21 19:56:33', 50.66, 7),
(978, '2019-01-21 19:57:13', 50.61, 1),
(979, '2019-01-21 19:57:13', 50.58, 7),
(980, '2019-01-21 19:57:54', 50.61, 1),
(981, '2019-01-21 19:57:54', 50.61, 7),
(982, '2019-01-21 19:58:36', 50.58, 1),
(983, '2019-01-21 19:58:36', 50.55, 7),
(984, '2019-01-21 19:59:16', 50.53, 1),
(985, '2019-01-21 19:59:16', 50.34, 7),
(986, '2019-01-21 19:59:57', 50.53, 1),
(987, '2019-01-21 19:59:57', 50.26, 7),
(988, '2019-01-21 20:00:38', 50.47, 1),
(989, '2019-01-21 20:00:38', 50.15, 7),
(990, '2019-01-21 20:01:18', 50.37, 1),
(991, '2019-01-21 20:01:18', 50.05, 7),
(992, '2019-01-21 20:01:59', 50.31, 1),
(993, '2019-01-21 20:01:59', 49.94, 7),
(994, '2019-01-21 20:02:40', 50.23, 1),
(995, '2019-01-21 20:02:40', 49.78, 7),
(996, '2019-01-21 20:03:21', 50.31, 1),
(997, '2019-01-21 20:03:21', 49.76, 7),
(998, '2019-01-21 20:04:02', 50.18, 1),
(999, '2019-01-21 20:04:02', 49.57, 7),
(1000, '2019-01-21 20:04:43', 50.18, 1),
(1001, '2019-01-21 20:04:43', 50.23, 7),
(1002, '2019-01-21 20:05:23', 52.14, 1),
(1003, '2019-01-21 20:05:23', 53.97, 7),
(1004, '2019-01-21 20:06:04', 51.59, 1),
(1005, '2019-01-21 20:06:04', 52.59, 7),
(1006, '2019-01-21 20:06:45', 51.31, 1),
(1007, '2019-01-21 20:06:45', 52.37, 7),
(1008, '2019-01-21 20:07:26', 51.15, 1),
(1009, '2019-01-21 20:07:26', 51.67, 7),
(1010, '2019-01-21 20:08:07', 51.01, 1),
(1011, '2019-01-21 20:08:07', 51.45, 7),
(1012, '2019-01-21 20:08:48', 50.96, 1),
(1013, '2019-01-21 20:08:48', 51.18, 7),
(1014, '2019-01-21 20:09:29', 51.09, 1),
(1015, '2019-01-21 20:09:29', 51.01, 7),
(1016, '2019-01-21 20:10:09', 50.9, 1),
(1017, '2019-01-21 20:10:09', 50.8, 7),
(1018, '2019-01-21 20:10:50', 50.88, 1),
(1019, '2019-01-21 20:10:50', 50.74, 7),
(1020, '2019-01-21 20:11:31', 50.8, 1),
(1021, '2019-01-21 20:11:31', 50.58, 7),
(1022, '2019-01-21 20:12:12', 50.74, 1),
(1023, '2019-01-21 20:12:12', 50.47, 7),
(1024, '2019-01-21 20:12:53', 50.72, 1),
(1025, '2019-01-21 20:12:53', 50.37, 7),
(1026, '2019-01-21 20:13:33', 50.72, 1),
(1027, '2019-01-21 20:13:33', 50.26, 7),
(1028, '2019-01-21 20:14:14', 50.63, 1),
(1029, '2019-01-21 20:14:14', 50.1, 7),
(1030, '2019-01-21 20:14:55', 50.55, 1),
(1031, '2019-01-21 20:14:55', 50.02, 7),
(1032, '2019-01-21 20:15:36', 50.5, 1),
(1033, '2019-01-21 20:15:36', 49.83, 7),
(1034, '2019-01-21 20:16:17', 50.39, 1),
(1035, '2019-01-21 20:16:17', 49.78, 7),
(1036, '2019-01-21 20:16:58', 50.34, 1),
(1037, '2019-01-21 20:16:58', 49.62, 7),
(1038, '2019-01-21 20:17:38', 50.31, 1),
(1039, '2019-01-21 20:17:38', 49.52, 7),
(1040, '2019-01-21 20:18:19', 50.26, 1),
(1041, '2019-01-21 20:18:19', 49.44, 7),
(1042, '2019-01-21 20:19:00', 50.18, 1),
(1043, '2019-01-21 20:19:00', 49.26, 7),
(1044, '2019-01-21 20:19:41', 50.1, 1),
(1045, '2019-01-21 20:19:41', 49.15, 7),
(1046, '2019-01-21 20:20:22', 50.07, 1),
(1047, '2019-01-21 20:20:22', 49.05, 7),
(1048, '2019-01-21 20:21:03', 49.99, 1),
(1049, '2019-01-21 20:21:03', 49, 7),
(1050, '2019-01-21 20:21:43', 49.91, 1),
(1051, '2019-01-21 20:21:43', 48.87, 7),
(1052, '2019-01-21 20:22:24', 49.83, 1),
(1053, '2019-01-21 20:22:24', 48.79, 7),
(1054, '2019-01-21 20:23:05', 49.83, 1),
(1055, '2019-01-21 20:23:05', 48.66, 7),
(1056, '2019-01-21 20:23:46', 49.76, 1),
(1057, '2019-01-21 20:23:46', 48.59, 7),
(1058, '2019-01-21 20:24:27', 49.7, 1),
(1059, '2019-01-21 20:24:27', 48.51, 7),
(1060, '2019-01-21 20:25:08', 49.6, 1),
(1061, '2019-01-21 20:25:08', 48.38, 7),
(1062, '2019-01-21 20:25:48', 49.57, 1),
(1063, '2019-01-21 20:25:48', 48.28, 7),
(1064, '2019-01-21 20:26:29', 49.49, 1),
(1065, '2019-01-21 20:26:29', 48.18, 7),
(1066, '2019-01-21 20:27:10', 49.49, 1),
(1067, '2019-01-21 20:27:10', 48.08, 7),
(1068, '2019-01-21 20:27:51', 49.41, 1),
(1069, '2019-01-21 20:27:51', 47.95, 7),
(1070, '2019-01-21 20:28:59', 49.26, 1),
(1071, '2019-01-21 20:28:59', 47.77, 7),
(1072, '2019-01-21 20:29:40', 49.26, 1),
(1073, '2019-01-21 20:29:40', 47.7, 7),
(1074, '2019-01-21 20:30:21', 49.26, 1),
(1075, '2019-01-21 20:30:21', 47.67, 7),
(1076, '2019-01-21 20:31:02', 49.08, 1),
(1077, '2019-01-21 20:31:02', 47.47, 7),
(1130, '2019-01-19 08:00:00', 23, 3),
(1131, '2019-01-19 08:00:00', 0, 6),
(1132, '2019-01-19 08:15:00', 0, 6),
(1133, '2019-01-19 08:30:00', 0, 6),
(1135, '2019-01-19 08:45:00', 0, 6),
(1136, '2019-01-19 08:15:00', 22.5, 3),
(1137, '2019-01-19 09:00:00', 0, 6),
(1138, '2019-01-19 08:30:00', 23, 3),
(1139, '2019-01-19 08:45:00', 23.5, 3),
(1140, '2019-01-19 09:15:00', 0, 6),
(1141, '2019-01-19 09:30:00', 0, 6),
(1142, '2019-01-19 09:45:00', 0, 6),
(1143, '2019-01-19 10:00:00', 0, 6),
(1144, '2019-01-19 10:15:00', 0, 6),
(1145, '2019-01-19 10:30:00', 0, 6),
(1146, '2019-01-19 10:45:00', 0, 6),
(1147, '2019-01-19 09:00:00', 24, 3),
(1148, '2019-01-19 11:00:00', 0, 6),
(1149, '2019-01-19 09:15:00', 25, 3),
(1150, '2019-01-19 11:15:00', 0, 6),
(1151, '2019-01-19 09:30:00', 23, 3),
(1152, '2019-01-19 11:30:00', 0, 6),
(1153, '2019-01-19 09:45:00', 22.5, 3),
(1154, '2019-01-19 11:45:00', 0, 6),
(1155, '2019-01-19 12:00:00', 0, 6),
(1156, '2019-01-19 10:00:00', 23.5, 3),
(1157, '2019-01-19 12:15:00', 0, 6),
(1158, '2019-01-19 12:30:00', 0, 6),
(1159, '2019-01-19 10:15:00', 22, 3),
(1160, '2019-01-19 12:45:00', 0, 6),
(1161, '2019-01-19 13:00:00', 0, 6),
(1162, '2019-01-19 10:30:00', 23, 3),
(1163, '2019-01-19 10:45:00', 21.5, 3),
(1164, '2019-01-19 13:15:00', 1, 6),
(1165, '2019-01-19 11:00:00', 23.5, 3),
(1166, '2019-01-19 13:30:00', 2, 6),
(1167, '2019-01-19 13:45:00', 1, 6),
(1168, '2019-01-19 14:00:00', 2, 6),
(1169, '2019-01-19 11:15:00', 24.5, 3),
(1170, '2019-01-19 14:15:00', 2, 6),
(1171, '2019-01-19 11:30:00', 22, 3),
(1172, '2019-01-19 14:30:00', 2, 6),
(1173, '2019-01-19 11:45:00', 22.5, 3),
(1174, '2019-01-19 14:45:00', 3, 6),
(1175, '2019-01-19 12:00:00', 23, 3),
(1176, '2019-01-19 15:00:00', 3, 6),
(1177, '2019-01-19 15:15:00', 3, 6),
(1178, '2019-01-19 15:30:00', 4, 6),
(1179, '2019-01-19 12:15:00', 24.5, 3),
(1180, '2019-01-19 15:45:00', 4, 6),
(1181, '2019-01-19 12:30:00', 23, 3),
(1182, '2019-01-19 15:45:00', 4, 6),
(1183, '2019-01-19 16:00:00', 5, 6),
(1184, '2019-01-19 12:45:00', 21.5, 3),
(1185, '2019-01-19 16:15:00', 5, 6),
(1186, '2019-01-19 13:00:00', 21.5, 3),
(1187, '2019-01-19 16:30:00', 5, 6),
(1188, '2019-01-19 16:45:00', 5, 6),
(1189, '2019-01-19 17:00:00', 4, 6),
(1190, '2019-01-19 13:15:00', 20, 3),
(1192, '2019-01-19 16:45:00', 4, 6),
(1193, '2019-01-19 13:30:00', 22, 3),
(1194, '2019-01-19 17:15:00', 4, 6),
(1195, '2019-01-19 13:45:00', 22, 3),
(1196, '2019-01-19 14:00:00', 21, 3),
(1197, '2019-01-19 14:15:00', 23, 3),
(1198, '2019-01-19 14:30:00', 23, 3),
(1199, '2019-01-19 17:30:00', 5, 6),
(1200, '2019-01-19 17:45:00', 5, 6),
(1201, '2019-01-19 14:45:00', 21.8, 3),
(1202, '2019-01-19 18:00:00', 5, 6),
(1203, '2019-01-19 18:15:00', 4, 6),
(1204, '2019-01-19 15:00:00', 21.2, 3),
(1205, '2019-01-19 18:30:00', 5, 6),
(1206, '2019-01-19 18:45:00', 5, 6),
(1207, '2019-01-19 15:15:00', 22.6, 3),
(1208, '2019-01-19 19:00:00', 6, 6),
(1209, '2019-01-19 15:30:00', 22.2, 3),
(1210, '2019-01-19 19:15:00', 6, 6),
(1211, '2019-01-19 15:45:00', 21.1, 3),
(1212, '2019-01-19 19:30:00', 6, 6),
(1213, '2019-01-19 19:45:00', 6, 6),
(1214, '2019-01-19 20:00:00', 6, 6),
(1215, '2019-01-19 16:00:00', 23.4, 3),
(1216, '2019-01-19 20:15:00', 6, 6),
(1217, '2019-01-19 16:15:00', 25, 3),
(1218, '2019-01-19 20:30:00', 6, 6),
(1219, '2019-01-19 20:45:00', 6, 6),
(1220, '2019-01-19 16:30:00', 24.2, 3),
(1221, '2019-01-19 21:00:00', 5, 6),
(1222, '2019-01-19 16:45:00', 23.7, 3),
(1223, '2019-01-19 21:15:00', 6, 6),
(1224, '2019-01-19 17:00:00', 22.4, 3),
(1225, '2019-01-19 21:30:00', 6, 6),
(1226, '2019-01-19 17:15:00', 22.1, 3),
(1227, '2019-01-19 21:45:00', 7, 6),
(1228, '2019-01-19 22:00:00', 7, 6),
(1229, '2019-01-19 17:30:00', 21.4, 3),
(1230, '2019-01-19 22:15:00', 7, 6),
(1231, '2019-01-19 22:30:00', 7, 6),
(1232, '2019-01-19 17:45:00', 21.2, 3),
(1233, '2019-01-19 22:45:00', 7, 6),
(1234, '2019-01-19 18:00:00', 23, 3),
(1235, '2019-01-19 23:00:00', 8, 6),
(1236, '2019-01-19 18:15:00', 22.8, 3),
(1237, '2019-01-19 23:15:00', 8, 6),
(1238, '2019-01-19 18:30:00', 21.7, 3),
(1239, '2019-01-19 18:45:00', 21.1, 3),
(1240, '2019-01-19 23:30:00', 9, 6),
(1241, '2019-01-19 23:45:00', 9, 6),
(1242, '2019-01-19 19:00:00', 22.4, 3),
(1243, '2019-01-20 00:00:00', 10, 6),
(1244, '2019-01-20 00:15:00', 11, 6),
(1245, '2019-01-20 00:30:00', 12, 6),
(1246, '2019-01-19 19:15:00', 23.6, 3),
(1247, '2019-01-20 00:45:00', 13, 6),
(1248, '2019-01-19 19:30:00', 23, 3),
(1249, '2019-01-20 01:00:00', 14, 6),
(1250, '2019-01-20 01:15:00', 14, 6),
(1251, '2019-01-20 01:30:00', 15, 6),
(1252, '2019-01-20 01:45:00', 16, 6),
(1253, '2019-01-19 19:45:00', 22.4, 3),
(1254, '2019-01-20 02:00:00', 18, 6),
(1255, '2019-01-19 20:00:00', 22, 3),
(1256, '2019-01-20 02:15:00', 19, 6),
(1257, '2019-01-20 02:30:00', 19, 6),
(1258, '2019-01-19 20:15:00', 21.3, 3),
(1259, '2019-01-20 02:45:00', 20, 6),
(1260, '2019-01-20 03:00:00', 22, 6),
(1261, '2019-01-19 20:30:00', 22.3, 3),
(1262, '2019-01-20 03:15:00', 23, 6),
(1263, '2019-01-20 03:30:00', 24, 6),
(1264, '2019-01-19 20:45:00', 23.3, 3),
(1265, '2019-01-20 03:45:00', 25, 6),
(1266, '2019-01-20 04:00:00', 24, 6),
(1267, '2019-01-19 21:00:00', 23, 3),
(1268, '2019-01-20 04:15:00', 25, 6),
(1269, '2019-01-20 04:30:00', 26, 6),
(1270, '2019-01-19 21:15:00', 22.2, 3),
(1271, '2019-01-20 04:45:00', 26, 6),
(1272, '2019-01-19 21:30:00', 22.9, 3),
(1273, '2019-01-20 05:00:00', 27, 6),
(1274, '2019-01-20 05:15:00', 28, 6),
(1275, '2019-01-20 05:30:00', 28, 6),
(1276, '2019-01-19 21:45:00', 22.4, 3),
(1277, '2019-01-20 05:45:00', 29, 6),
(1278, '2019-01-20 06:00:00', 30, 6),
(1279, '2019-01-19 22:00:00', 22.1, 3),
(1280, '2019-01-19 22:15:00', 21.8, 3),
(1281, '2019-01-19 22:30:00', 21.4, 3),
(1282, '2019-01-20 06:15:00', 32, 6),
(1283, '2019-01-20 06:30:00', 35, 6),
(1284, '2019-01-19 22:45:00', 21.1, 3),
(1285, '2019-01-20 06:45:00', 37, 6),
(1286, '2019-01-19 23:00:00', 21.4, 3),
(1287, '2019-01-19 23:15:00', 24.2, 3),
(1288, '2019-01-20 07:00:00', 40, 6),
(1289, '2019-01-19 23:30:00', 24, 3),
(1290, '2019-01-20 07:15:00', 43, 6),
(1291, '2019-01-20 00:00:00', 23.7, 3),
(1292, '2019-01-20 07:30:00', 45, 6),
(1293, '2019-01-20 07:45:00', 46, 6),
(1294, '2019-01-20 00:15:00', 23.3, 3),
(1295, '2019-01-20 08:00:00', 50, 6),
(1296, '2019-01-20 08:15:00', 52, 6),
(1297, '2019-01-20 00:30:00', 22.8, 3),
(1298, '2019-01-20 08:30:00', 54, 6),
(1299, '2019-01-20 00:45:00', 22.3, 3),
(1300, '2019-01-20 08:45:00', 56, 6),
(1301, '2019-01-20 01:00:00', 22, 3),
(1302, '2019-01-20 09:00:00', 57, 6),
(1303, '2019-01-20 01:15:00', 21.6, 3),
(1304, '2019-01-20 01:30:00', 21.2, 3),
(1305, '2019-01-20 09:15:00', 58, 6),
(1306, '2019-01-20 01:45:00', 20.9, 3),
(1307, '2019-01-20 09:30:00', 60, 6),
(1308, '2019-01-20 09:45:00', 62, 6),
(1309, '2019-01-20 02:00:00', 24.5, 3),
(1310, '2019-01-20 10:00:00', 63, 6),
(1311, '2019-01-20 02:15:00', 24.5, 3),
(1312, '2019-01-20 10:15:00', 64, 6),
(1313, '2019-01-20 02:30:00', 25, 3),
(1314, '2019-01-20 10:30:00', 66, 6),
(1315, '2019-01-20 02:45:00', 24.7, 3),
(1316, '2019-01-20 10:45:00', 67, 6),
(1317, '2019-01-20 11:00:00', 70, 6),
(1318, '2019-01-20 03:00:00', 24.4, 3),
(1319, '2019-01-20 11:15:00', 72, 6),
(1320, '2019-01-20 11:30:00', 73, 6),
(1321, '2019-01-20 11:45:00', 75, 6),
(1322, '2019-01-20 12:00:00', 77, 6),
(1323, '2019-01-20 12:15:00', 78, 6),
(1324, '2019-01-20 03:15:00', 24.2, 3),
(1325, '2019-01-20 03:30:00', 23.7, 3),
(1326, '2019-01-20 12:30:00', 80, 6),
(1327, '2019-01-20 03:45:00', 23.3, 3),
(1328, '2019-01-20 12:45:00', 81, 6),
(1329, '2019-01-20 13:00:00', 82, 6),
(1330, '2019-01-20 13:15:00', 83, 6),
(1331, '2019-01-20 13:30:00', 85, 6),
(1332, '2019-01-20 04:00:00', 22.7, 3),
(1333, '2019-01-20 13:45:00', 87, 6),
(1334, '2019-01-20 14:00:00', 88, 6),
(1335, '2019-01-20 04:15:00', 22.3, 3),
(1336, '2019-01-20 14:15:00', 90, 6),
(1337, '2019-01-20 04:30:00', 22, 3),
(1338, '2019-01-20 04:45:00', 21.7, 3),
(1339, '2019-01-20 05:00:00', 21.3, 3),
(1340, '2019-01-20 05:15:00', 20.8, 3),
(1341, '2019-01-20 05:30:00', 24.7, 3),
(1342, '2019-01-20 14:30:00', 91, 6),
(1343, '2019-01-20 05:45:00', 25.7, 3),
(1344, '2019-01-20 14:45:00', 92, 6),
(1345, '2019-01-20 15:00:00', 93, 6),
(1346, '2019-01-20 06:00:00', 24.6, 3),
(1347, '2019-01-20 06:15:00', 24.1, 3),
(1348, '2019-01-20 15:15:00', 94, 6),
(1349, '2019-01-20 15:30:00', 95, 6),
(1350, '2019-01-20 15:45:00', 97, 6),
(1351, '2019-01-20 16:00:00', 98, 6),
(1352, '2019-01-20 06:30:00', 23.6, 3),
(1353, '2019-01-20 06:45:00', 23.2, 3),
(1354, '2019-01-20 16:15:00', 100, 6),
(1355, '2019-01-20 07:00:00', 23, 3),
(1356, '2019-01-20 16:30:00', 101, 6),
(1357, '2019-01-20 07:15:00', 22.6, 3),
(1358, '2019-01-20 16:45:00', 102, 6),
(1359, '2019-01-20 07:30:00', 22.1, 3),
(1360, '2019-01-20 17:00:00', 104, 6),
(1361, '2019-01-20 07:45:00', 21.7, 3),
(1362, '2019-01-20 17:15:00', 105, 6),
(1363, '2019-01-20 17:30:00', 107, 6),
(1364, '2019-01-20 17:45:00', 109, 6),
(1365, '2019-01-20 18:00:00', 112, 6),
(1366, '2019-01-20 18:15:00', 114, 6),
(1367, '2019-01-20 18:30:00', 116, 6),
(1368, '2019-01-20 18:45:00', 120, 6),
(1369, '2019-01-20 08:00:00', 21.5, 3),
(1370, '2019-01-20 19:00:00', 124, 6),
(1371, '2019-01-20 19:15:00', 127, 6),
(1372, '2019-01-20 19:30:00', 129, 6),
(1373, '2019-01-20 08:15:00', 21.2, 3),
(1374, '2019-01-20 19:45:00', 131, 6),
(1375, '2019-01-20 20:00:00', 134, 6),
(1376, '2019-01-20 08:30:00', 20.8, 3),
(1377, '2019-01-20 20:15:00', 137, 6),
(1378, '2019-01-20 20:30:00', 142, 6),
(1379, '2019-01-20 08:45:00', 25.8, 3),
(1380, '2019-01-20 20:45:00', 148, 6),
(1381, '2019-01-20 09:00:00', 25.3, 3),
(1382, '2019-01-20 09:15:00', 25, 3),
(1383, '2019-01-20 21:00:00', 157, 6),
(1384, '2019-01-20 21:15:00', 164, 6),
(1385, '2019-01-20 09:30:00', 24.6, 3),
(1386, '2019-01-20 21:30:00', 170, 6),
(1387, '2019-01-20 09:45:00', 24.2, 3),
(1388, '2019-01-20 10:00:00', 23.7, 3),
(1389, '2019-01-20 10:15:00', 23.2, 3),
(1390, '2019-01-20 10:15:00', 23.1, 3),
(1391, '2019-01-20 10:30:00', 22.8, 3),
(1392, '2019-01-20 10:45:00', 22.4, 3),
(1393, '2019-01-20 11:00:00', 22.1, 3),
(1394, '2019-01-20 11:15:00', 21.6, 3),
(1395, '2019-01-20 11:30:00', 20.8, 3),
(1396, '2019-01-20 11:45:00', 25.2, 3),
(1397, '2019-01-20 12:00:00', 25, 3),
(1398, '2019-01-20 12:15:00', 24.4, 3),
(1399, '2019-01-20 12:30:00', 24, 3),
(1400, '2019-01-20 12:45:00', 23.7, 3),
(1401, '2019-01-20 13:00:00', 23.2, 3),
(1402, '2019-01-20 13:15:00', 22.7, 3),
(1403, '2019-01-20 13:30:00', 21.9, 3),
(1404, '2019-01-20 13:45:00', 21.5, 3),
(1405, '2019-01-20 14:00:00', 21.3, 3),
(1406, '2019-01-20 14:15:00', 24.8, 3),
(1407, '2019-01-20 14:30:00', 24.9, 3),
(1408, '2019-01-20 14:45:00', 24.7, 3),
(1409, '2019-01-20 15:00:00', 24.4, 3),
(1410, '2019-01-20 15:15:00', 24.1, 3),
(1411, '2019-01-20 15:30:00', 23.7, 3),
(1412, '2019-01-20 15:45:00', 23.2, 3),
(1413, '2019-01-20 16:00:00', 22.4, 3),
(1414, '2019-01-20 16:15:00', 21.9, 3),
(1415, '2019-01-20 16:30:00', 21.5, 3),
(1416, '2019-01-20 16:45:00', 21.1, 3),
(1417, '2019-01-20 17:00:00', 20.6, 3),
(1418, '2019-01-20 17:15:00', 20.2, 3),
(1419, '2019-01-20 17:30:00', 19.6, 3),
(1420, '2019-01-20 17:45:00', 19.2, 3),
(1421, '2019-01-20 18:00:00', 18.6, 3),
(1422, '2019-01-20 18:15:00', 18.2, 3),
(1423, '2019-01-20 18:30:00', 18.1, 3),
(1424, '2019-01-20 18:45:00', 18.2, 3),
(1425, '2019-01-20 19:00:00', 18.2, 3),
(1426, '2019-01-20 19:15:00', 18.2, 3),
(1427, '2019-01-20 19:30:00', 18.2, 3),
(1428, '2019-01-20 19:45:00', 18.2, 3),
(1429, '2019-01-20 20:00:00', 18.2, 3),
(1430, '2019-01-20 20:15:00', 18.2, 3),
(1431, '2019-01-20 20:30:00', 18.2, 3),
(1432, '2019-01-20 20:45:00', 18.2, 3),
(1433, '2019-01-20 21:00:00', 18.2, 3),
(1434, '2019-01-20 21:15:00', 18.2, 3),
(1435, '2019-01-20 21:30:00', 18.2, 3),
(1442, '2019-01-22 16:44:54', 14.8, 8),
(1443, '2019-01-22 16:44:54', 14.67, 9),
(1444, '2019-01-22 16:45:08', 14.81, 8),
(1445, '2019-01-22 16:45:08', 14.71, 9),
(1446, '2019-01-22 16:45:49', 14.83, 8),
(1447, '2019-01-22 16:45:49', 15.09, 9),
(1448, '2019-01-22 16:46:30', 14.92, 8),
(1449, '2019-01-22 16:46:30', 18.24, 9),
(1450, '2019-01-22 16:47:10', 15, 8),
(1451, '2019-01-22 16:47:10', 17.2, 9),
(1452, '2019-01-22 16:47:51', 15.84, 8),
(1453, '2019-01-22 16:47:51', 18.84, 9),
(1454, '2019-01-22 16:48:32', 17.2, 8),
(1455, '2019-01-22 16:48:32', 20.19, 9),
(1456, '2019-01-22 16:49:13', 18.46, 8),
(1457, '2019-01-22 16:49:13', 21.07, 9),
(1458, '2019-01-22 16:49:27', 18.75, 8),
(1459, '2019-01-22 16:49:27', 21.74, 9),
(1460, '2019-01-22 16:49:41', 19.18, 8),
(1461, '2019-01-22 16:49:41', 22.8, 9),
(1462, '2019-01-22 16:49:55', 19.7, 8),
(1463, '2019-01-22 16:49:55', 24.35, 9),
(1464, '2019-01-22 16:50:36', 21.03, 8),
(1465, '2019-01-22 16:50:36', 26.26, 9),
(1466, '2019-01-22 16:50:49', 21.49, 8),
(1467, '2019-01-22 16:50:49', 26.45, 9),
(1468, '2019-01-22 16:51:30', 23.13, 8),
(1469, '2019-01-22 16:51:30', 27.6, 9),
(1470, '2019-01-22 16:51:44', 23.72, 8),
(1471, '2019-01-22 16:51:44', 27.98, 9),
(1472, '2019-01-22 16:52:25', 25.57, 8),
(1473, '2019-01-22 16:52:25', 29.31, 9),
(1474, '2019-01-22 16:53:06', 27.16, 8),
(1475, '2019-01-22 16:53:06', 30.76, 9),
(1476, '2019-01-22 16:53:46', 28.32, 8),
(1477, '2019-01-22 16:53:46', 32.74, 9),
(1478, '2019-01-22 16:54:27', 30.57, 8),
(1479, '2019-01-22 16:54:27', 34, 9),
(1480, '2019-01-22 16:55:08', 31.97, 8),
(1481, '2019-01-22 16:55:08', 35.5, 9),
(1482, '2019-01-22 16:55:49', 33.69, 8),
(1483, '2019-01-22 16:55:49', 39.3, 9),
(1484, '2019-01-22 16:56:30', 35.54, 8),
(1485, '2019-01-22 16:56:30', 41.83, 9),
(1486, '2019-01-22 16:56:44', 36.03, 8),
(1487, '2019-01-22 16:56:44', 42.2, 9),
(1488, '2019-01-22 16:57:25', 37.73, 8),
(1489, '2019-01-22 16:57:25', 43.72, 9),
(1490, '2019-01-22 16:57:38', 38.26, 8),
(1491, '2019-01-22 16:57:38', 43.97, 9),
(1492, '2019-01-22 16:58:19', 39.73, 8),
(1493, '2019-01-22 16:58:19', 45.31, 9),
(1494, '2019-01-22 16:59:00', 41.21, 8),
(1495, '2019-01-22 16:59:00', 46.54, 9),
(1496, '2019-01-22 16:59:14', 41.63, 8),
(1497, '2019-01-22 16:59:14', 48.33, 9),
(1498, '2019-01-22 16:59:55', 43.35, 8),
(1499, '2019-01-22 16:59:55', 48.77, 9),
(1500, '2019-01-22 17:00:36', 44.86, 8),
(1501, '2019-01-22 17:00:36', 48.03, 9),
(1502, '2019-01-22 17:01:17', 45.45, 8),
(1503, '2019-01-22 17:01:17', 47.4, 9),
(1504, '2019-01-22 17:01:30', 45.66, 8),
(1505, '2019-01-22 17:01:30', 47.3, 9),
(1506, '2019-01-22 17:02:12', 46.36, 8),
(1507, '2019-01-22 17:02:12', 47.15, 9),
(1508, '2019-01-22 17:02:25', 46.32, 8),
(1509, '2019-01-22 17:02:25', 47.25, 9),
(1510, '2019-01-22 17:03:06', 46.51, 8),
(1511, '2019-01-22 17:03:06', 47.2, 9),
(1512, '2019-01-22 17:03:20', 46.56, 8),
(1513, '2019-01-22 17:03:20', 47.15, 9),
(1514, '2019-01-22 17:04:01', 46.63, 8),
(1515, '2019-01-22 17:04:01', 47.03, 9),
(1516, '2019-01-22 17:04:14', 46.63, 8),
(1517, '2019-01-22 17:04:14', 46.98, 9),
(1518, '2019-01-22 17:04:55', 46.54, 8),
(1519, '2019-01-22 17:04:55', 47, 9),
(1520, '2019-01-22 17:05:36', 46.51, 8),
(1521, '2019-01-22 17:05:36', 46.88, 9),
(1522, '2019-01-22 17:06:17', 46.34, 8),
(1523, '2019-01-22 17:06:17', 46.78, 9),
(1524, '2019-01-22 17:06:31', 46.29, 8),
(1525, '2019-01-22 17:06:31', 46.78, 9),
(1526, '2019-01-22 17:06:45', 46.29, 8),
(1527, '2019-01-22 17:06:45', 46.76, 9),
(1528, '2019-01-22 17:07:26', 46.29, 8),
(1529, '2019-01-22 17:07:26', 46.66, 9),
(1530, '2019-01-22 17:08:07', 46.24, 8),
(1531, '2019-01-22 17:08:07', 46.66, 9),
(1532, '2019-01-22 17:08:47', 46.19, 8),
(1533, '2019-01-22 17:08:47', 46.58, 9),
(1534, '2019-01-22 17:09:28', 46.12, 8),
(1535, '2019-01-22 17:09:28', 46.54, 9),
(1536, '2019-01-22 17:09:42', 46.1, 8),
(1537, '2019-01-22 17:09:42', 46.54, 9),
(1538, '2019-01-22 17:09:56', 46.07, 8),
(1539, '2019-01-22 17:09:56', 46.54, 9);

-- --------------------------------------------------------

--
-- Structure de la table `Recipe`
--

CREATE TABLE `Recipe` (
  `IdRecipe` int(11) NOT NULL,
  `RecipeName` varchar(255) NOT NULL,
  `Comment` text NOT NULL,
  `Informations` text NOT NULL,
  `Ingredients` text NOT NULL
) ENGINE=InnoDB DEFAULT CHARSET=utf8;

-- --------------------------------------------------------

--
-- Structure de la table `Sensors`
--

CREATE TABLE `Sensors` (
  `IdSensor` int(11) NOT NULL,
  `TypeSensor` varchar(255) NOT NULL,
  `NumSerieSensor` varchar(255) NOT NULL,
  `IdCuve` int(11) NOT NULL
) ENGINE=InnoDB DEFAULT CHARSET=utf8;

--
-- Contenu de la table `Sensors`
--

INSERT INTO `Sensors` (`IdSensor`, `TypeSensor`, `NumSerieSensor`, `IdCuve`) VALUES
(1, 'Temperature', 'SENSOR13122018', 2),
(2, 'Bulles', '1176DNADZ', 2),
(3, 'Temperature', '18ABREWDYTS0182', 4),
(4, 'Temperature', '18ABREWDYTS0183', 4),
(5, 'Temperature', '18ABREWDYTS0184', 4),
(6, 'Bulles', '18ABREWDYGS0297', 4),
(7, 'Temperature', 'AHROUH14', 2),
(8, 'Temperature', '141JFZIJRZI92', 5),
(9, 'Temperature', 'RFANR91', 5),
(10, 'Temperature', 'T2ZTAT', 2);

-- --------------------------------------------------------

--
-- Structure de la table `Step`
--

CREATE TABLE `Step` (
  `IdStep` int(11) NOT NULL,
  `IdRecipe` int(11) NOT NULL,
  `Name` varchar(255) NOT NULL,
  `Comment` text NOT NULL,
  `IdPreviousStep` int(11) NOT NULL,
  `IdNextStep` int(11) NOT NULL,
  `Duration` int(11) NOT NULL,
  `TemperatureMin` float NOT NULL,
  `TemperatureMax` float NOT NULL
) ENGINE=InnoDB DEFAULT CHARSET=utf8;

-- --------------------------------------------------------

--
-- Structure de la table `UserRecipe`
--

CREATE TABLE `UserRecipe` (
  `IdUserRecipe` int(11) NOT NULL,
  `RecipeName` varchar(255) NOT NULL,
  `Comment` text NOT NULL,
  `Ingredients` text NOT NULL,
  `Informations` text NOT NULL,
  `IdUser` int(11) NOT NULL
) ENGINE=InnoDB DEFAULT CHARSET=utf8;

--
-- Contenu de la table `UserRecipe`
--

INSERT INTO `UserRecipe` (`IdUserRecipe`, `RecipeName`, `Comment`, `Ingredients`, `Informations`, `IdUser`) VALUES
(2, 'Amber IPA', 'Bière ambrée IPA avec des notes de caramel et une touche de citron.', 'Pale Ale Malt, Classical Pale Malt, Flocons, CaraAmber, CaraMunichII, Houblon CItra, Houblon Centennial, Levure Américaine.', 'Ebullition moût, houblonnage, refroidissement rapide, oxygenation, fermentation : 1 palier à 20 degrés et pendant 15 jours.', 2),
(3, 'Amber IPA', 'Bière ambrée IPA avec des notes de caramel et une touche de citron.', 'Pale Ale Malt, Classical Pale Malt, Flocons, CaraAmber, CaraMunichII, Houblon CItra, Houblon Centennial, Levure Américaine.', 'Ebullition moût, houblonnage, refroidissement rapide, oxygenation, fermentation : 1 palier à 20 degrés et pendant 15 jours.', 14);

-- --------------------------------------------------------

--
-- Structure de la table `Users`
--

CREATE TABLE `Users` (
  `IdUser` int(11) NOT NULL,
  `Pseudo` varchar(255) NOT NULL,
  `Password` varchar(255) NOT NULL,
  `Mail` varchar(255) NOT NULL,
  `DateInscription` datetime NOT NULL
) ENGINE=InnoDB DEFAULT CHARSET=utf8;

--
-- Contenu de la table `Users`
--

INSERT INTO `Users` (`IdUser`, `Pseudo`, `Password`, `Mail`, `DateInscription`) VALUES
(2, 'Amaury', 'amo', 'amo@hotmail.fr', '2018-12-12 00:00:00'),
(3, 'Clément', 'Brewdy', 'cresclement@gmail.com', '2018-12-12 16:11:04'),
(6, 'test', 'ezgezg', 'test@gmail.com', '2018-12-13 09:32:31'),
(7, 'Test2', 'ezgzeg', 'test2@gmail.com', '2018-12-13 09:36:27'),
(14, 'invite', 'invite', 'invite@gmail.com', '2019-01-17 10:00:00');

-- --------------------------------------------------------

--
-- Structure de la table `UserStep`
--

CREATE TABLE `UserStep` (
  `IdUserStep` int(11) NOT NULL,
  `Name` varchar(255) DEFAULT NULL,
  `Comment` text,
  `Duration` int(11) DEFAULT NULL,
  `TemperatureMin` float NOT NULL,
  `TemperatureMax` float NOT NULL,
  `StartTime` datetime NOT NULL,
  `StopTime` datetime NOT NULL,
  `IdAttempt` int(11) NOT NULL,
  `IdPreviousStep` int(11) DEFAULT NULL,
  `IdNextStep` int(11) DEFAULT NULL
) ENGINE=InnoDB DEFAULT CHARSET=utf8;

--
-- Contenu de la table `UserStep`
--

INSERT INTO `UserStep` (`IdUserStep`, `Name`, `Comment`, `Duration`, `TemperatureMin`, `TemperatureMax`, `StartTime`, `StopTime`, `IdAttempt`, `IdPreviousStep`, `IdNextStep`) VALUES
(2, 'Ébullition', 'Première étape', 1, 35, 40, '2019-01-18 13:00:00', '2019-01-18 14:00:00', 1, 0, 4),
(4, 'Fermentation', 'Phase 1 de fermentation', 455, 20, 25, '2019-01-21 14:00:00', '2019-02-11 13:00:00', 1, 2, NULL),
(6, 'Fermentation 2', '2e phase de fermentation à plus basse température', 165, 15, 18, '2019-02-11 13:00:00', '2019-02-18 13:00:00', 1, 4, NULL),
(8, 'Fermentation phase 3', 'Rajout Houblon et stabilisation température', 72, 24, 30, '2019-02-18 14:00:00', '2019-02-21 14:00:00', 1, 2, 4),
(9, 'Ébullition', 'Première étape', 1, 90, 95, '2019-01-18 13:00:00', '2019-01-18 14:00:00', 3, NULL, NULL),
(10, 'Fermentation', 'Phase 1 de fermentation', 455, 22, 24, '2019-01-21 14:00:00', '2019-02-11 13:00:00', 3, 9, 11),
(11, 'Fermentation 2', '2e phase de fermentation à plus basse température', 165, 18, 20, '2019-02-11 13:00:00', '2019-02-18 13:00:00', 3, 10, 12),
(12, 'Fermentation phase 3', 'Rajout Houblon et stabilisation température', 72, 24, 28, '2019-02-18 14:00:00', '2019-02-21 14:00:00', 3, 11, NULL),
(13, 'Ébullition', 'Première étape', 24, 20, 25, '2019-01-22 08:00:00', '2019-01-23 08:00:00', 4, NULL, 13),
(14, 'Fermentation', 'Phase 1 de fermentation', 456, 20, 25, '2019-01-23 08:00:00', '2019-02-11 08:00:00', 4, 12, 14),
(15, 'Fermentation 2', '2e phase de fermentation à plus basse température', 173, 15, 18, '2019-02-11 08:00:00', '2019-02-18 13:00:00', 4, 13, 15),
(16, 'Fermentation phase 3', 'Rajout Houblon et stabilisation température', 72, 24, 30, '2019-02-18 14:00:00', '2019-02-21 14:00:00', 4, 14, NULL);

--
-- Index pour les tables exportées
--

--
-- Index pour la table `Attempts`
--
ALTER TABLE `Attempts`
  ADD PRIMARY KEY (`IdAttempt`),
  ADD KEY `IdCuve` (`IdCuve`),
  ADD KEY `IdUserRecipe` (`IdUserRecipe`);

--
-- Index pour la table `Cuves`
--
ALTER TABLE `Cuves`
  ADD PRIMARY KEY (`IdCuve`),
  ADD KEY `IdUser` (`IdUser`);

--
-- Index pour la table `Measurements`
--
ALTER TABLE `Measurements`
  ADD PRIMARY KEY (`IdMesure`),
  ADD KEY `IdSensor` (`IdSensor`);

--
-- Index pour la table `Recipe`
--
ALTER TABLE `Recipe`
  ADD PRIMARY KEY (`IdRecipe`);

--
-- Index pour la table `Sensors`
--
ALTER TABLE `Sensors`
  ADD PRIMARY KEY (`IdSensor`),
  ADD KEY `IdCuve` (`IdCuve`);

--
-- Index pour la table `Step`
--
ALTER TABLE `Step`
  ADD PRIMARY KEY (`IdStep`),
  ADD KEY `IdRecipe` (`IdRecipe`),
  ADD KEY `IdPreviousStep` (`IdPreviousStep`),
  ADD KEY `IdNextStep` (`IdNextStep`);

--
-- Index pour la table `UserRecipe`
--
ALTER TABLE `UserRecipe`
  ADD PRIMARY KEY (`IdUserRecipe`),
  ADD KEY `IdUser` (`IdUser`);

--
-- Index pour la table `Users`
--
ALTER TABLE `Users`
  ADD PRIMARY KEY (`IdUser`);

--
-- Index pour la table `UserStep`
--
ALTER TABLE `UserStep`
  ADD PRIMARY KEY (`IdUserStep`),
  ADD KEY `IdAttempt` (`IdAttempt`),
  ADD KEY `IdPreviousStep` (`IdPreviousStep`),
  ADD KEY `IdNextStep` (`IdNextStep`);

--
-- AUTO_INCREMENT pour les tables exportées
--

--
-- AUTO_INCREMENT pour la table `Attempts`
--
ALTER TABLE `Attempts`
  MODIFY `IdAttempt` int(11) NOT NULL AUTO_INCREMENT, AUTO_INCREMENT=5;
--
-- AUTO_INCREMENT pour la table `Cuves`
--
ALTER TABLE `Cuves`
  MODIFY `IdCuve` int(11) NOT NULL AUTO_INCREMENT, AUTO_INCREMENT=12;
--
-- AUTO_INCREMENT pour la table `Measurements`
--
ALTER TABLE `Measurements`
  MODIFY `IdMesure` int(11) NOT NULL AUTO_INCREMENT, AUTO_INCREMENT=1540;
--
-- AUTO_INCREMENT pour la table `Recipe`
--
ALTER TABLE `Recipe`
  MODIFY `IdRecipe` int(11) NOT NULL AUTO_INCREMENT;
--
-- AUTO_INCREMENT pour la table `Sensors`
--
ALTER TABLE `Sensors`
  MODIFY `IdSensor` int(11) NOT NULL AUTO_INCREMENT, AUTO_INCREMENT=11;
--
-- AUTO_INCREMENT pour la table `Step`
--
ALTER TABLE `Step`
  MODIFY `IdStep` int(11) NOT NULL AUTO_INCREMENT;
--
-- AUTO_INCREMENT pour la table `UserRecipe`
--
ALTER TABLE `UserRecipe`
  MODIFY `IdUserRecipe` int(11) NOT NULL AUTO_INCREMENT, AUTO_INCREMENT=4;
--
-- AUTO_INCREMENT pour la table `Users`
--
ALTER TABLE `Users`
  MODIFY `IdUser` int(11) NOT NULL AUTO_INCREMENT, AUTO_INCREMENT=15;
--
-- AUTO_INCREMENT pour la table `UserStep`
--
ALTER TABLE `UserStep`
  MODIFY `IdUserStep` int(11) NOT NULL AUTO_INCREMENT, AUTO_INCREMENT=17;
--
-- Contraintes pour les tables exportées
--

--
-- Contraintes pour la table `Attempts`
--
ALTER TABLE `Attempts`
  ADD CONSTRAINT `Attempts_ibfk_2` FOREIGN KEY (`IdUserRecipe`) REFERENCES `UserRecipe` (`IdUserRecipe`) ON DELETE CASCADE ON UPDATE CASCADE,
  ADD CONSTRAINT `Attempts_ibfk_3` FOREIGN KEY (`IdCuve`) REFERENCES `Cuves` (`IdCuve`) ON DELETE CASCADE ON UPDATE CASCADE;

--
-- Contraintes pour la table `Cuves`
--
ALTER TABLE `Cuves`
  ADD CONSTRAINT `Cuves_ibfk_1` FOREIGN KEY (`IdUser`) REFERENCES `Users` (`IdUser`) ON DELETE CASCADE ON UPDATE CASCADE;

--
-- Contraintes pour la table `Measurements`
--
ALTER TABLE `Measurements`
  ADD CONSTRAINT `Measurements_ibfk_1` FOREIGN KEY (`IdSensor`) REFERENCES `Sensors` (`IdSensor`) ON DELETE CASCADE ON UPDATE CASCADE;

--
-- Contraintes pour la table `Sensors`
--
ALTER TABLE `Sensors`
  ADD CONSTRAINT `Sensors_ibfk_1` FOREIGN KEY (`IdCuve`) REFERENCES `Cuves` (`IdCuve`) ON DELETE CASCADE ON UPDATE CASCADE;

--
-- Contraintes pour la table `Step`
--
ALTER TABLE `Step`
  ADD CONSTRAINT `Step_ibfk_1` FOREIGN KEY (`IdRecipe`) REFERENCES `Recipe` (`IdRecipe`) ON DELETE CASCADE ON UPDATE CASCADE,
  ADD CONSTRAINT `Step_ibfk_2` FOREIGN KEY (`IdPreviousStep`) REFERENCES `Step` (`IdStep`) ON DELETE CASCADE ON UPDATE CASCADE,
  ADD CONSTRAINT `Step_ibfk_3` FOREIGN KEY (`IdNextStep`) REFERENCES `Step` (`IdStep`) ON DELETE CASCADE ON UPDATE CASCADE;

--
-- Contraintes pour la table `UserRecipe`
--
ALTER TABLE `UserRecipe`
  ADD CONSTRAINT `UserRecipe_ibfk_1` FOREIGN KEY (`IdUser`) REFERENCES `Users` (`IdUser`) ON DELETE CASCADE ON UPDATE CASCADE;

--
-- Contraintes pour la table `UserStep`
--
ALTER TABLE `UserStep`
  ADD CONSTRAINT `UserStep_ibfk_1` FOREIGN KEY (`IdAttempt`) REFERENCES `Attempts` (`IdAttempt`) ON DELETE CASCADE ON UPDATE CASCADE;

/*!40101 SET CHARACTER_SET_CLIENT=@OLD_CHARACTER_SET_CLIENT */;
/*!40101 SET CHARACTER_SET_RESULTS=@OLD_CHARACTER_SET_RESULTS */;
/*!40101 SET COLLATION_CONNECTION=@OLD_COLLATION_CONNECTION */;
